<?xml version="1.0" encoding="UTF-8"?><Device xmlns="http://www.garmin.com/xmlschemas/GarminDevice/v2" xmlns:xsi="http://www.w3.org/2001/XMLSchema-instance" xsi:schemaLocation="http://www.garmin.com/xmlschemas/GarminDevice/v2 http://www.garmin.com/xmlschemas/GarminDevicev2.xsd http://www.garmin.com/xmlschemas/GarminDeviceExtensions/DataTypeLocation/v1 http://www.garmin.com/xmlschemas/DataTypeLocationExtension1.xsd" xmlns:dtlx="http://www.garmin.com/xmlschemas/GarminDeviceExtensions/DataTypeLocation/v1"><Model><PartNumber>006-B1561-00</PartNumber><SoftwareVersion>320</SoftwareVersion><Description>Edge 510</Description></Model><Id>3873665666</Id><MassStorageMode><DataType><Name>CustomMaps</Name><File><Specification><Identifier>http://www.opengis.net/kml/2.2</Identifier><Documentation>http://schemas.opengis.net/kml/2.2.0/ogckml22.xsd</Documentation></Specification><Location><Path>Garmin/CustomMaps</Path><FileExtension>KMZ</FileExtension></Location><TransferDirection>InputOutput</TransferDirection></File></DataType><DataType><Name>BirdsEye</Name><File><Specification><Identifier>JNX</Identifier></Specification><Location><Path>Garmin/BirdsEye</Path><FileExtension>JNX</FileExtension></Location><TransferDirection>InputOutput</TransferDirection></File><File><Specification><Identifier>JNX 4</Identifier></Specification><Location><Path>Garmin/BirdsEye</Path><FileExtension>JNX</FileExtension></Location><TransferDirection>InputOutput</TransferDirection></File></DataType><DataType><Name>FITBinary</Name><File><Specification><Identifier>FIT</Identifier></Specification><Location><Path>Garmin</Path><BaseName>Device</BaseName><FileExtension>FIT</FileExtension></Location><TransferDirection>InputOutput</TransferDirection></File></DataType><DataType><Name>FIT_TYPE_2</Name><File><Specification><Identifier>FIT</Identifier></Specification><Location><Path>Garmin/Settings</Path><FileExtension>FIT</FileExtension></Location><TransferDirection>OutputFromUnit</TransferDirection></File><File><Specification><Identifier>FIT</Identifier></Specification><Location><Path>Garmin/NewFiles</Path><FileExtension>FIT</FileExtension></Location><TransferDirection>InputToUnit</TransferDirection></File></DataType><DataType><Name>FIT_TYPE_3</Name><File><Specification><Identifier>FIT</Identifier></Specification><Location><Path>Garmin/Sports</Path><FileExtension>FIT</FileExtension></Location><TransferDirection>OutputFromUnit</TransferDirection></File><File><Specification><Identifier>FIT</Identifier></Specification><Location><Path>Garmin/NewFiles</Path><FileExtension>FIT</FileExtension></Location><TransferDirection>InputToUnit</TransferDirection></File></DataType><DataType><Name>FIT_TYPE_4</Name><File><Specification><Identifier>FIT</Identifier></Specification><Location><Path>Garmin/Activities</Path><FileExtension>FIT</FileExtension><Extensions><dtlx:DataTypeLocationExtension><dtlx:ExternalPath>Garmin/Activities</dtlx:ExternalPath></dtlx:DataTypeLocationExtension></Extensions></Location><TransferDirection>OutputFromUnit</TransferDirection></File></DataType><DataType><Name>FIT_TYPE_5</Name><File><Specification><Identifier>FIT</Identifier></Specification><Location><Path>Garmin/Workouts</Path><FileExtension>FIT</FileExtension><Extensions><dtlx:DataTypeLocationExtension><dtlx:ExternalPath>Garmin/Workouts</dtlx:ExternalPath></dtlx:DataTypeLocationExtension></Extensions></Location><TransferDirection>OutputFromUnit</TransferDirection></File><File><Specification><Identifier>FIT</Identifier></Specification><Location><Path>Garmin/NewFiles</Path><FileExtension>FIT</FileExtension><Extensions><dtlx:DataTypeLocationExtension><dtlx:ExternalPath>Garmin/NewFiles</dtlx:ExternalPath></dtlx:DataTypeLocationExtension></Extensions></Location><TransferDirection>InputToUnit</TransferDirection></File></DataType><DataType><Name>FIT_TYPE_6</Name><File><Specification><Identifier>FIT</Identifier></Specification><Location><Path>Garmin/Courses</Path><FileExtension>FIT</FileExtension><Extensions><dtlx:DataTypeLocationExtension><dtlx:ExternalPath>Garmin/Courses</dtlx:ExternalPath></dtlx:DataTypeLocationExtension></Extensions></Location><TransferDirection>OutputFromUnit</TransferDirection></File><File><Specification><Identifier>FIT</Identifier></Specification><Location><Path>Garmin/NewFiles</Path><FileExtension>FIT</FileExtension><Extensions><dtlx:DataTypeLocationExtension><dtlx:ExternalPath>Garmin/NewFiles</dtlx:ExternalPath></dtlx:DataTypeLocationExtension></Extensions></Location><TransferDirection>InputToUnit</TransferDirection></File></DataType><DataType><Name>FIT_TYPE_7</Name><File><Specification><Identifier>FIT</Identifier></Specification><Location><Path>Garmin/Schedules</Path><FileExtension>FIT</FileExtension></Location><TransferDirection>OutputFromUnit</TransferDirection></File><File><Specification><Identifier>FIT</Identifier></Specification><Location><Path>Garmin/NewFiles</Path><FileExtension>FIT</FileExtension></Location><TransferDirection>InputToUnit</TransferDirection></File></DataType><DataType><Name>FIT_TYPE_8</Name><File><Specification><Identifier>FIT</Identifier></Specification><Location><Path>Garmin/Locations</Path><FileExtension>FIT</FileExtension></Location><TransferDirection>OutputFromUnit</TransferDirection></File><File><Specification><Identifier>FIT</Identifier></Specification><Location><Path>Garmin/NewFiles</Path><FileExtension>FIT</FileExtension></Location><TransferDirection>InputToUnit</TransferDirection></File></DataType><DataType><Name>FIT_TYPE_9</Name><File><Specification><Identifier>FIT</Identifier></Specification><Location><Path>Garmin/Weight</Path><FileExtension>FIT</FileExtension></Location><TransferDirection>OutputFromUnit</TransferDirection></File></DataType><DataType><Name>FIT_TYPE_10</Name><File><Specification><Identifier>FIT</Identifier></Specification><Location><Path>Garmin/Totals</Path><FileExtension>FIT</FileExtension></Location><TransferDirection>OutputFromUnit</TransferDirection></File></DataType><DataType><Name>FIT_TYPE_29</Name><File><Specification><Identifier>FIT</Identifier></Specification><Location><Path>Garmin/Records</Path><FileExtension>FIT</FileExtension></Location><TransferDirection>OutputFromUnit</TransferDirection></File><File><Specification><Identifier>FIT</Identifier></Specification><Location><Path>Garmin/NewFiles</Path><FileExtension>FIT</FileExtension></Location><TransferDirection>InputToUnit</TransferDirection></File></DataType><DataType><Name>FitnessCourses</Name><File><Specification><Identifier>http://www.garmin.com/xmlschemas/TrainingCenterDatabase/v2</Identifier><Documentation>http://www.garmin.com/xmlschemas/TrainingCenterDatabasev2.xsd</Documentation></Specification><Location><Path>Garmin/NewFiles</Path><FileExtension>TCX</FileExtension><Extensions><dtlx:DataTypeLocationExtension><dtlx:ExternalPath>Garmin/NewFiles</dtlx:ExternalPath></dtlx:DataTypeLocationExtension></Extensions></Location><TransferDirection>InputToUnit</TransferDirection></File></DataType><DataType><Name>FitnessWorkouts</Name><File><Specification><Identifier>http://www.garmin.com/xmlschemas/TrainingCenterDatabase/v2</Identifier><Documentation>http://www.garmin.com/xmlschemas/TrainingCenterDatabasev2.xsd</Documentation></Specification><Location><Path>Garmin/NewFiles</Path><FileExtension>TCX</FileExtension><Extensions><dtlx:DataTypeLocationExtension><dtlx:ExternalPath>Garmin/NewFiles</dtlx:ExternalPath></dtlx:DataTypeLocationExtension></Extensions></Location><TransferDirection>InputToUnit</TransferDirection></File></DataType><DataType><Name>FIT_TYPE_MET_ZONES</Name><File><Specification><Identifier>FIT</Identifier></Specification><Location><Path>Garmin/NewFiles</Path><FileExtension>FIT</FileExtension></Location><TransferDirection>InputToUnit</TransferDirection></File></DataType><DataType><Name>FitnessNewLeaf</Name><File><Specification><Identifier>http://www.garmin.com/xmlschemas/TrainingCenterDatabase/v1</Identifier><Documentation>http://www.garmin.com/xmlschemas/TrainingCenterDatabasev1.xsd</Documentation></Specification><Location><Path>Garmin/NewFiles</Path><FileExtension>NLF</FileExtension></Location><TransferDirection>InputToUnit</TransferDirection></File></DataType><DataType><Name>GPSData</Name><File><Specification><Identifier>http://www.topografix.com/GPX/1/1</Identifier><Documentation>http://www.topografix.com/GPX/1/1/gpx.xsd</Documentation></Specification><Location><Path>Garmin/NewFiles</Path><FileExtension>GPX</FileExtension><Extensions><dtlx:DataTypeLocationExtension><dtlx:ExternalPath>Garmin/NewFiles</dtlx:ExternalPath></dtlx:DataTypeLocationExtension></Extensions></Location><TransferDirection>InputToUnit</TransferDirection></File></DataType><DataType><Name>NMaps</Name><File><Specification><Identifier>IMG</Identifier></Specification><Location><Path>Garmin</Path><FileExtension>img</FileExtension></Location><TransferDirection>InputOutput</TransferDirection></File></DataType><DataType><Name>BaseMaps</Name><File><Specification><Identifier>IMG</Identifier></Specification><Location><Path>Garmin</Path><BaseName>gmapbmap</BaseName><FileExtension>img</FileExtension></Location><TransferDirection>InputOutput</TransferDirection></File></DataType><DataType><Name>PreProgrammedMaps</Name><File><Specification><Identifier>IMG</Identifier></Specification><Location><Path>Garmin</Path><BaseName>gmapprom</BaseName><FileExtension>img</FileExtension></Location><TransferDirection>InputOutput</TransferDirection></File></DataType><DataType><Name>SupplementalMaps</Name><File><Specification><Identifier>IMG</Identifier></Specification><Location><Path>Garmin</Path><BaseName>gmapsupp</BaseName><FileExtension>img</FileExtension></Location><TransferDirection>InputOutput</TransferDirection></File></DataType><DataType><Name>TimeZoneMaps</Name><File><Specification><Identifier>IMG</Identifier></Specification><Location><Path>Garmin</Path><BaseName>gmaptz</BaseName><FileExtension>img</FileExtension></Location><TransferDirection>InputOutput</TransferDirection></File></DataType><DataType><Name>TranslatedText</Name><File><Specification><Identifier>http://www.garmin.com/xmlschemas/GarminTextTranslation/v1</Identifier><Documentation>http://www.garmin.com/xmlschemas/GarminTextTranslationv1.xsd</Documentation></Specification><Location><Path>Garmin/Text</Path><FileExtension>gtt</FileExtension></Location><TransferDirection>InputOutput</TransferDirection></File></DataType><DataType><Name>FTLImageVersion</Name><File><Specification><Identifier>VER</Identifier></Specification><Location><Path>Garmin</Path><BaseName>fs_image</BaseName><FileExtension>ver</FileExtension></Location><TransferDirection>InputOutput</TransferDirection></File></DataType><DataType><Name>ErrorShutdownReports</Name><File><Specification><Identifier>ERR_RPT</Identifier></Specification><Location><Path>Garmin/Debugging</Path><FileExtension>csv</FileExtension><Extensions><dtlx:DataTypeLocationExtension><dtlx:ExternalPath>Garmin/Debugging</dtlx:ExternalPath></dtlx:DataTypeLocationExtension></Extensions></Location><TransferDirection>OutputFromUnit</TransferDirection></File></DataType><UpdateFile><PartNumber>006-D4441-02</PartNumber><Version><Major>2</Major><Minor>0</Minor></Version><Path>Garmin/Text</Path><FileName>Spanish.gtt</FileName></UpdateFile><UpdateFile><PartNumber>006-D4441-03</PartNumber><Version><Major>2</Major><Minor>0</Minor></Version><Path>Garmin/Text</Path><FileName>French.gtt</FileName></UpdateFile><UpdateFile><PartNumber>006-D4441-04</PartNumber><Version><Major>2</Major><Minor>0</Minor></Version><Path>Garmin/Text</Path><FileName>German.gtt</FileName></UpdateFile><UpdateFile><PartNumber>006-D4441-05</PartNumber><Version><Major>2</Major><Minor>0</Minor></Version><Path>Garmin/Text</Path><FileName>Italian.gtt</FileName></UpdateFile><UpdateFile><PartNumber>006-D4441-06</PartNumber><Version><Major>2</Major><Minor>0</Minor></Version><Path>Garmin/Text</Path><FileName>Portuguese.gtt</FileName></UpdateFile><UpdateFile><PartNumber>006-D4441-07</PartNumber><Version><Major>2</Major><Minor>0</Minor></Version><Path>Garmin/Text</Path><FileName>Danish.gtt</FileName></UpdateFile><UpdateFile><PartNumber>006-D4441-08</PartNumber><Version><Major>2</Major><Minor>0</Minor></Version><Path>Garmin/Text</Path><FileName>Dutch.gtt</FileName></UpdateFile><UpdateFile><PartNumber>006-D4441-09</PartNumber><Version><Major>2</Major><Minor>0</Minor></Version><Path>Garmin/Text</Path><FileName>Finnish.gtt</FileName></UpdateFile><UpdateFile><PartNumber>006-D4441-10</PartNumber><Version><Major>2</Major><Minor>0</Minor></Version><Path>Garmin/Text</Path><FileName>Hungarian.gtt</FileName></UpdateFile><UpdateFile><PartNumber>006-D4441-11</PartNumber><Version><Major>2</Major><Minor>0</Minor></Version><Path>Garmin/Text</Path><FileName>Norwegian.gtt</FileName></UpdateFile><UpdateFile><PartNumber>006-D4441-12</PartNumber><Version><Major>2</Major><Minor>0</Minor></Version><Path>Garmin/Text</Path><FileName>Polish.gtt</FileName></UpdateFile><UpdateFile><PartNumber>006-D4441-13</PartNumber><Version><Major>2</Major><Minor>0</Minor></Version><Path>Garmin/Text</Path><FileName>Swedish.gtt</FileName></UpdateFile><UpdateFile><PartNumber>006-D4441-14</PartNumber><Version><Major>2</Major><Minor>0</Minor></Version><Path>Garmin/Text</Path><FileName>Czech.gtt</FileName></UpdateFile><UpdateFile><PartNumber>006-D4441-15</PartNumber><Version><Major>2</Major><Minor>0</Minor></Version><Path>Garmin/Text</Path><FileName>Croatian.gtt</FileName></UpdateFile><UpdateFile><PartNumber>006-D4441-16</PartNumber><Version><Major>2</Major><Minor>0</Minor></Version><Path>Garmin/Text</Path><FileName>Russian.gtt</FileName></UpdateFile><UpdateFile><PartNumber>006-D4441-17</PartNumber><Version><Major>2</Major><Minor>0</Minor></Version><Path>Garmin/Text</Path><FileName>Slovakian.gtt</FileName></UpdateFile><UpdateFile><PartNumber>006-D4441-18</PartNumber><Version><Major>2</Major><Minor>0</Minor></Version><Path>Garmin/Text</Path><FileName>Slovenian.gtt</FileName></UpdateFile><UpdateFile><PartNumber>006-D4441-19</PartNumber><Version><Major>2</Major><Minor>0</Minor></Version><Path>Garmin/Text</Path><FileName>Greek.gtt</FileName></UpdateFile><UpdateFile><PartNumber>006-D1074-00</PartNumber><Version><Major>15</Major><Minor>0</Minor></Version><Path>Garmin</Path><FileName>gmaptz.img</FileName></UpdateFile><UpdateFile><PartNumber>006-B1561-00</PartNumber><Version><Major>3</Major><Minor>20</Minor></Version><Path>Garmin</Path><FileName>GUPDATE.GCD</FileName></UpdateFile></MassStorageMode><Extensions><CustomMapsExtension xmlns="http://www.garmin.com/xmlschemas/GarminDeviceExtensions/CustomMaps/v1" xmlns:xsi="http://www.w3.org/2001/XMLSchema-instance" xsi:schemaLocation="http://www.garmin.com/xmlschemas/GarminDeviceExtensions/CustomMaps/v1 http://www.garmin.com/xmlschemas/CustomMapsExtension.xsd"><MaxImageFileSize>3145728</MaxImageFileSize><MaxImages>100</MaxImages><MaxImageResolution>1048576</MaxImageResolution><AllowedFileType>jpg</AllowedFileType><Extensions></Extensions></CustomMapsExtension><DeviceExtension xmlns="http://www.garmin.com/xmlschemas/GarminDeviceExtensions/v1" xsi:schemaLocation="http://www.garmin.com/xmlschemas/GarminDeviceExtensions/v1 http://www.garmin.com/xmlschemas/GarminDeviceExtensionv1.xsd"><Ifix>772651720</Ifix></DeviceExtension></Extensions></Device>